0,1
-45.042156,7.9079084
15.650529,-3.0616107
-19.244865,-33.40283
15.733545,8.232047
-50.0796,4.2616425
-63.525352,33.959892
34.06951,40.564262
44.69378,-43.860973
11.398015,20.71469
4.8639617,-17.167368
17.98233,4.442907
8.092717,22.741493
-17.291914,-21.738394
15.120332,26.91396
40.992058,38.59836
-65.81033,16.519531
-47.21176,-35.810463
-47.385475,-31.08187
11.921732,-20.892664
-53.42734,-23.274477
-46.11604,38.068073
-56.815937,-17.47274
12.9940195,26.889914
-44.389526,38.73463
53.64544,-21.086697
-41.49033,-39.097828
52.536198,-34.722588
64.22608,23.05843
65.82955,-20.114109
66.01881,-13.076013
-36.775623,-18.497953
0.9466942,-16.686325
67.529686,14.222215
-46.420464,33.291874
-51.90027,16.608763
68.744316,-11.084682
54.92771,-20.362024
22.338362,30.932636
-58.622814,7.8873262
29.82334,39.95376
-56.358273,16.916517
-27.2572,-6.259512
-7.7068,-28.93305
70.707596,5.6904025
11.65527,-4.9151673
71.2472,-0.91920835
-31.618399,-24.48792
13.510786,-10.243571
65.944756,-7.8777366
10.950403,-3.7551534
46.576565,-43.582832
-49.347702,23.565815
-61.960133,32.89445
32.674572,26.563477
40.96551,-48.340168
68.24844,21.578608
52.776245,6.8058677
-51.084507,-5.3666587
-55.356865,20.964712
60.125763,24.551168
-51.584583,24.40284
67.13958,21.94513
68.02878,3.4997532
59.937225,19.138187
45.19186,35.970596
-53.79994,-13.548893
37.590992,37.947
-67.97553,8.074847
-61.60832,-14.636565
64.8017,-21.019083
-48.19061,-26.24412
-55.053314,-19.579985
-55.509758,15.322111
49.976357,-35.22424
68.4126,-1.4282901
12.133316,-15.96303
66.7348,-22.034004
-50.154266,-37.16321
54.542606,-11.541175
71.27718,10.484422
58.396473,31.478092
50.472633,-14.181483
70.685234,-6.086024
48.096825,-43.103115
-63.318245,30.156502
40.738155,-48.921204
-24.591793,-10.710392
18.765715,33.066654
47.587147,-43.477097
62.247707,19.844025
70.87237,4.6008635
12.621865,2.855213
63.803513,17.338432
57.547096,32.34196
-57.768806,-9.85244
72.10458,0.3568578
8.823007,26.908138
-32.935215,-23.056406
30.473804,32.226616
-48.87652,-10.330303
-60.500217,-16.282043
-60.030117,0.34690797
-44.532795,8.66003
52.59495,33.29124
-58.897854,30.337692
62.936535,17.041111
-42.408985,22.408792
56.422127,-17.462307
-43.86058,-6.4597864
10.575664,23.299355
-28.293917,-1.043085
0.86062974,-26.12668
-29.879967,-1.1732252
-63.170124,33.59267
-21.25238,-24.193811
-1.7680223,-24.261915
23.328506,30.142649
-3.8141081,-22.783682
-52.57678,32.31487
17.186844,21.647526
-55.18309,-6.1381197
-43.095272,26.964119
38.210316,12.628323
-59.191784,-1.5767139
50.93863,-35.322468
-42.356167,-47.992153
-47.524708,-32.97885
-41.657375,11.469119
65.83131,22.352118
-21.411095,-9.959529
-45.856117,0.34693837
37.742954,13.405531
-37.449127,-14.768871
9.037854,7.478035
64.63098,-13.3393955
15.26683,5.3186817
68.13109,9.971955
-44.433598,-14.493463
53.73294,33.29153
-69.59445,8.276517
-50.981373,35.695835
-53.543587,10.962189
16.40139,1.0677418
0.313158,-7.1644754
48.09669,2.502476
-46.598343,36.945858
-0.6909493,-30.5855
51.219223,-29.10192
3.0271204,-30.15637
11.053006,19.530746
-60.957417,31.128649
7.324725,-20.817411
35.290646,34.52421
-51.37566,27.93652
54.413235,-27.929268
42.648632,-47.45068
-59.240955,-12.294896
-55.261784,15.3313465
64.81239,17.546188
64.16298,21.81741
30.827335,26.937529
54.008453,-19.368961
42.60778,-48.433727
62.395885,-7.2365108
56.4205,26.497583
62.72548,-24.146725
52.485,-37.35945
4.9312687,29.48928
-67.60442,12.7794895
68.68894,-11.705368
-51.08219,-6.6652184
64.90391,-11.033669
-48.10375,-7.250754
-51.51921,16.637266
-54.998337,-3.3051858
-43.984024,22.577847
6.412458,2.6262846
67.56166,-8.729627
-45.148487,14.704053
-25.83571,-2.5416384
-47.605057,-26.321201
-0.6002435,-31.818584
-1.0268451,-31.064646
37.778847,11.745358
67.05457,3.0218103
47.543186,29.703735
54.631,-15.266207
-51.31387,0.2683476
63.072174,21.910378
32.096565,35.727432
11.349893,29.494167
13.951294,1.779928
42.29339,39.09208
-8.580864,-34.75896
-54.90517,-7.248503
-14.031403,-7.2493377
-49.825085,10.464847
-53.12016,10.237328
31.107231,33.55702
66.977646,-10.965916
-47.22206,-29.8861
-42.38331,14.201757
71.22673,9.688099
-54.61309,-37.899548
63.667805,12.375694
-6.093139,-2.5492232
12.435419,-1.2147337
47.914665,2.921182
9.957923,-11.7446375
30.894924,41.43307
19.616426,35.953197
-25.373175,-26.622465
44.74763,39.323708
-53.045395,23.75534
-42.47991,32.954105
-31.181263,-0.7385232
-45.57539,15.069941
-62.81182,3.628261
-26.797073,-5.7907977
-47.197212,37.098747
-31.91577,-20.593546
9.357655,-19.556099
65.99445,-10.757734
69.907646,9.931109
-58.47395,19.79917
16.544168,-7.9020953
-53.305447,-29.186598
-54.241776,-19.073772
19.724096,16.798727
-66.44469,4.252954
-52.253445,-31.673252
60.983505,-9.162053
51.960663,6.3845882
-13.700399,-21.902826
65.35684,19.58058
-8.146532,-4.5986676
-12.316192,-2.8192186
-42.82672,9.775814
-17.95028,-35.32695
-52.967636,10.874444
-51.381077,1.9157044
-42.420128,-29.926918
-50.648026,-26.873093
-63.729607,13.878071
62.68238,14.101123
-54.030327,-21.396236
-62.90566,-18.451572
61.755478,25.145433
-53.5469,-23.735342
68.50651,5.4027495
21.21324,30.547907
-49.013214,19.716595
46.26059,-42.744118
-54.826008,-11.402882
63.669247,20.329163
-35.00974,-24.33488
-13.344311,-28.30625
-58.47299,31.876411
-44.921356,15.676575
35.1275,33.58245
17.119667,-11.750657
-60.63556,-10.594722
43.2007,3.7357168
45.88571,8.662362
49.608498,-25.845764
-45.479454,-12.710298
-28.005142,-29.134981
-27.728048,-30.124474
58.43642,29.511995
39.96167,41.559
-42.15467,33.173885
36.372253,15.107438
40.295235,36.976192
-58.636086,17.79347
-63.829346,34.658985
55.882854,13.078631
34.273174,37.489864
-9.49537,-24.32965
-49.25802,-33.030933
69.1855,-9.178204
31.6132,39.1759
65.80737,-21.409853
33.756058,33.674583
52.461353,33.06513
69.273445,-4.8978734
34.596992,31.980177
-57.13313,-24.457153
-56.69956,-5.3313417
-48.83032,1.2152634
-58.554337,-9.718957
4.560233,-12.461461
-61.976936,32.855213
11.823871,-20.885965
44.14994,7.2440486
47.915543,4.462133
36.535088,27.709787
70.62634,-3.9608855
-50.496704,33.21272
-49.81936,8.818069
4.8390923,-25.06257
-63.238102,-4.345811
10.341692,1.1622962
-61.169384,21.157303
-10.631157,-3.190392
17.089312,21.388304
-39.468605,-17.764902
69.936195,-3.8876526
54.92278,-13.899771
6.4086494,-10.6896305
-22.254942,-25.881124
-32.29452,-25.773441
-13.067367,-26.684074
-44.60069,5.547781
-46.43917,-25.870392
-2.343729,-30.587444
-54.083534,1.3631035
1.5591563,-27.693186
14.680524,7.766854
-0.026874918,-28.714512
-49.266365,1.5119246
68.07734,13.385336
9.9806385,19.683683
59.252537,-27.623459
-50.59883,-36.236313
61.299706,22.426733
40.411884,38.123417
7.1259522,23.131447
14.957773,-16.248123
66.64644,20.847868
9.067961,21.450317
15.542132,32.29211
-52.49993,-37.885345
-7.525228,-26.877592
29.196743,40.035114
12.56064,-14.645083
-47.585033,38.211464
33.981255,16.96336
63.30092,-7.1911745
-37.77155,-44.219868
-13.66171,-24.983938
-28.769175,-25.864672
1.91632,-30.164722
12.4852495,21.343061
-50.970676,8.82935
-62.828487,-13.743718
22.425497,36.45045
-46.5594,-25.807129
26.62059,32.016003
19.661669,14.845768
-65.19689,10.340107
5.5525856,22.480299
-20.871387,-22.104414
-27.170485,-1.3236008
54.58002,-23.785809
18.280123,18.08918
43.811157,-46.58221
39.722897,30.777874
-67.20733,2.3124034
72.775375,11.456646
4.3713923,30.037458
-2.9394975,-29.620724
-67.16456,9.821529
70.67777,-5.4971113
65.85918,-21.264755
-20.744207,-29.221659
-39.789776,4.1848006
60.064434,30.159464
68.734566,-13.622368
-48.51928,-30.823856
-33.30588,-24.821144
-19.769287,-33.946922
-13.19451,-5.807892
-2.5613294,-31.48092
30.599129,36.70264
-4.395634,-31.792202
-63.28841,4.0862927
-52.769524,-23.235315
57.42123,-24.966164
-11.578798,-12.385427
29.926973,41.338634
11.880215,22.935095
61.568096,32.331017
-55.36492,4.461098
-43.235764,-25.25703
47.0101,7.893599
-40.78963,-47.486084
20.193628,34.219402
-43.07295,32.179096
14.1515465,27.915228
13.938069,33.023983
-53.700157,38.821617
-41.79569,2.255415
54.102535,34.41979
-48.04311,-28.430998
38.93199,38.257008
7.6565447,-18.0918
53.534492,-31.221106
61.388233,-26.370678
9.107461,14.220608
60.626545,18.277718
-33.334747,-21.552881
42.337677,39.760662
-24.705624,-23.996021
-21.684898,-28.2182
8.769839,3.1498122
-45.04989,40.788567
-14.849226,-30.966755
-54.198288,-5.196666
15.19776,15.322332
-42.10542,-24.154743
52.3584,-32.943054
-24.409866,-20.332985
-66.779655,17.276894
-15.348579,-29.592867
-51.863552,10.757641
16.852407,4.730017
-45.33898,26.719435
8.521549,-0.61987156
-61.94628,-8.906689
49.00292,-16.97506
-32.76851,-23.594515
44.709637,3.15138
32.26996,37.04173
42.21818,24.38868
-54.688766,12.243559
30.666416,38.816654
4.596127,30.856354
-45.230965,29.394323
-42.93277,-47.277325
-51.48002,33.410465
34.77035,39.409145
-55.693947,37.032925
-38.507584,-49.28474
63.987972,24.209858
-54.273716,-2.1721947
-25.76614,-11.714363
-41.897907,-39.356197
-45.507534,20.274698
-49.441776,-27.343245
-3.0014129,1.8839309
64.81939,21.418411
49.816505,35.207504
65.4213,-20.379526
48.13594,-41.918053
-2.277602,-6.6748652
-38.864555,15.563537
15.229009,-1.7222649
19.836664,37.02702
67.46604,14.793324
42.19635,25.237352
46.905033,-42.815224
-51.8173,-10.041531
61.854782,21.26904
69.325905,5.1638002
58.35954,25.334091
70.426956,7.685164
41.6282,37.265057
69.789925,-1.9671359
-17.366896,-21.734137
25.48305,32.13618
-42.04392,18.452686
33.01357,38.54215
-47.82354,-21.624733
43.72388,29.269356
30.65219,24.144535
43.69096,40.66213
18.126448,20.107714
-65.65224,20.468323
39.61383,12.096035
9.495844,-18.783358
-51.91996,4.8778534
1.5865396,-19.581087
33.525246,40.10303
-54.219517,21.20536
-13.710339,-25.440464
49.413048,-25.664257
10.239658,17.291716
15.3285055,-7.09693
7.240855,26.488224
23.03817,31.491133
-38.393215,16.320034
11.242385,31.514345
16.96249,3.9333043
-23.135435,-7.553007
-44.23092,17.765781
68.68477,18.730366
-54.315697,18.30829
33.316364,35.23241
-56.82887,-9.28569
-35.278236,-41.267406
61.004818,-26.45126
-52.781776,-34.231148
35.92041,14.759483
-0.088296965,-23.833632
49.36273,38.092995
25.471182,36.429844
-66.23765,-2.163351
41.12694,-47.795265
-19.233852,-28.877115
-4.172401,5.8009334
-46.543293,-26.983171
17.228456,34.135612
-43.78554,24.678596
27.55265,37.332897
-49.076748,19.921549
-1.952544,-7.62634
-40.404324,-43.09624
-43.638336,23.187214
45.623913,-44.316166
-5.451719,-26.154284
-52.317703,20.742556
56.56702,-32.664604
-26.402117,-26.163866
-51.261105,27.375929
3.9563565,7.328648
-5.040937,-24.70812
9.064195,-8.333223
-47.73909,34.146645
13.215355,-17.892982
-30.044302,-18.97754
-56.699905,-12.366643
-37.961727,17.093235
8.03941,-22.44683
-31.245186,-23.552944
33.997112,30.429468
62.16895,-6.8609805
-46.79697,18.194704
-50.06845,20.339952
-38.47635,-45.42728
22.059593,26.612123
63.766827,-17.156824
2.9957998,-21.041367
-19.446564,-27.190811
50.025276,32.036427
23.985163,28.7766
-58.895813,1.7976661
39.656727,18.517769
-7.495568,-29.216753
4.9806266,-16.567137
-53.090492,34.046577
-44.666786,19.82412
-45.819035,-28.67069
-51.83608,-10.064539
4.6874866,9.961914
26.785763,32.521553
34.02773,15.910111
6.70965,21.405151
-59.535004,-17.060062
-47.998707,-22.080774
-45.851635,41.621815
-47.901382,-6.953833
-29.94526,-20.315556
1.0743604,-7.1759677
-51.24458,-19.506077
-54.574833,-29.721657
-59.09875,26.130375
-3.2710605,-34.49164
-54.504345,4.5856113
-17.973577,-29.413902
-41.36097,1.2387512
11.639059,-4.8861756
-48.83505,19.004494
-56.73373,28.580458
-3.7742152,6.5105968
-21.195969,-33.4306
-51.749104,35.841496
40.0478,18.37885
-19.6313,-28.65714
-10.886074,-4.009382
7.3665147,-20.24304
-26.451826,-6.578838
47.991962,-15.744621
-47.45372,-15.532071
-44.56039,39.873203
-64.28863,-13.058853
13.360883,-13.313016
51.359055,-12.588064
-44.59227,38.61405
-57.328876,6.344827
-0.88434595,-32.07855
11.839468,-19.147814
37.0096,31.457428
31.054375,39.778217
-19.878738,-32.392414
-4.287523,-30.898788
24.47552,22.224342
55.627087,-28.493475
20.22185,27.355011
-53.29554,10.87395
-58.060978,18.953236
-51.22534,-19.779102
-57.55957,-8.116245
-67.62616,12.877449
6.3404036,-9.701981
-0.44060814,-32.098385
35.275772,41.30713
11.978258,-13.572264
58.6092,32.414608
3.1485167,-27.09639
3.6596782,-28.888903
-38.525585,-45.65279
18.284533,12.613758
10.010465,11.630792
45.742672,33.757896
-45.941246,40.283512
-44.047485,-27.43886
0.77972287,-23.477428
-47.41231,38.195267
70.98824,0.0844753
47.396267,7.808139
13.600259,29.134008
-39.07751,-48.224445
-55.199696,-2.3505764
16.251455,3.4887342
52.327183,-16.614079
-55.085255,-22.466469
71.35284,1.4196155
48.467773,-41.922215
31.06851,42.237366
-63.265587,-11.309823
48.760464,-41.57509
47.924175,3.0114162
66.492,26.245262
55.47561,30.80594
43.631615,-47.74999
-48.278545,-38.033005
74.8972,-5.840768
68.91454,-12.45954
5.5410194,6.8054695
-66.298706,15.637986
-48.73573,-24.277172
-44.69677,-30.436396
-10.674008,-34.21799
-12.146765,-30.579723
30.171091,28.097033
-1.7293475,-29.21582
38.951855,12.725314
-63.11908,9.728545
-55.290955,-29.828442
17.490778,-11.225099
-60.65805,14.664579
-63.1603,31.733814
-21.259212,-14.013751
-58.6376,-8.896688
66.268654,-20.327765
-4.6228867,5.1595197
11.147133,-4.8736434
-49.008747,-37.594593
-42.05643,-44.798176
-52.868694,-8.335504
-46.061665,-18.070429
-27.656158,-7.3222284
-42.49399,29.763636
-30.69577,-26.171612
-49.752357,-13.752898
66.391594,22.064497
-56.819313,6.3457823
44.04999,36.96639
18.108826,37.52911
-45.57657,8.805549
-38.82829,-16.58082
-15.03746,-11.56607
42.9748,35.223335
-6.2081757,-29.602798
57.362007,-35.218338
-46.744713,15.123213
1.0705519,-10.07821
-45.18072,38.396812
7.242813,-7.336125
-54.908955,11.661799
-6.190973,-33.9589
64.68946,4.7911296
36.74145,27.85685
-47.40612,12.802727
-60.668736,-4.755685
4.53482,31.240582
15.149095,-9.122539
-57.453,-26.518648
-18.355026,-29.525095
-25.888916,-4.8670616
13.132697,27.166176
-45.916492,32.790527
27.857115,39.09146
15.511672,-11.619727
53.460495,-34.337772
14.550763,2.5629587
-58.715843,31.603743
70.225555,-14.019265
46.93007,9.974579
54.498943,-28.60758
-49.989307,-27.987972
-52.866264,3.2973495
-50.04179,27.577814
34.396824,17.569315
-16.327383,-35.529083
47.91923,-42.536873
16.165344,2.172031
-48.259396,-9.884075
28.809305,40.742092
-25.240717,-1.3022169
48.550144,35.327682
0.35868084,-8.488673
-26.240107,-26.01002
12.124415,27.976204
-42.13276,-34.243153
-40.61934,-39.6435
-5.437061,-26.058472
-57.619194,-11.78101
13.12405,-15.782827
64.60767,-11.383147
-17.783308,-33.52873
-48.69398,39.553772
-37.70057,-24.250736
-63.91599,34.37904
43.538586,35.683136
41.124416,10.436161
-44.838303,40.840794
67.02213,20.113203
-52.580326,-36.966606
20.953842,33.840557
69.198555,3.463812
70.369354,13.489097
-58.60727,-10.578989
-34.234222,-45.32375
-41.400764,38.140785
14.479408,24.875076
57.722687,27.867935
-46.37553,-18.80607
14.729857,13.018374
14.356837,-8.385926
66.09436,-16.401302
42.700294,36.327538
56.648575,28.89766
66.617615,17.683321
-61.891426,29.621212
12.077623,7.0293694
-63.38763,-12.688628
41.05188,38.460686
-5.0061364,-30.727638
3.0871825,-30.222813
-55.503216,-23.764565
61.22051,25.924028
-22.305285,-33.12816
68.39871,-14.963577
17.314644,33.194332
17.294712,5.8782597
2.5782146,-18.65787
53.216305,27.273567
-42.60583,-44.01182
62.76004,22.531042
53.138657,5.2633348
60.00754,17.838755
-26.891851,-4.99165
50.89344,-17.09427
-59.846382,-3.48885
15.855506,-5.009938
57.0987,-28.132622
-53.198677,31.169275
-47.339027,26.158749
-50.497566,-19.395477
-16.377785,-26.388012
-19.661907,-12.388472
-54.628586,-23.635307
-1.4500564,-20.990223
-57.742207,6.311438
22.723986,32.70108
58.658863,25.291954
66.52313,-15.497252
69.40743,-7.462387
40.598484,16.828321
60.867718,-7.606587
-14.245573,-12.091635
69.592964,4.175278
-61.85446,-14.2717705
-11.607489,-2.5412698
32.534748,33.23438
68.208275,11.251169
-36.728077,-45.67085
-49.872887,23.703753
51.739723,33.850346
45.83743,-45.16401
69.90851,-4.2833633
69.10926,-10.165432
-49.771587,-35.552185
62.65394,-8.610008
65.7333,-20.778439
-62.533657,-13.1476755
10.54268,11.642432
64.187904,6.7874007
-59.136707,7.92361
-3.3325987,6.324262
68.02753,15.993798
-53.8976,9.103967
57.788822,-29.133793
48.98279,4.8459353
-41.022655,4.6514177
39.829365,38.63334
45.80663,32.99557
70.67346,6.626164
-44.720825,16.517776
-17.849543,-15.866028
-26.259298,-7.209674
-41.92716,-34.45467
-38.1408,34.436413
-47.668545,15.414952
66.44211,8.008231
12.965593,-1.3024794
50.091858,25.275543
-61.984795,21.763887
66.79958,-18.838768
45.022617,35.176483
-43.26372,38.727848
20.018951,36.140194
64.02576,21.826935
68.02935,-17.50559
-12.97069,-4.6314445
5.5800085,-19.31362
68.13256,-14.812641
13.312814,25.215248
49.71048,-34.71552
-49.112537,8.729593
-24.009716,-20.177681
-47.77309,15.030571
-41.807835,-29.883064
16.501593,17.230333
32.50475,31.266088
27.463598,31.610437
-46.277073,-5.2170944
-18.546165,-30.750313
69.04497,20.299664
-50.98615,-37.580757
68.074684,4.774915
14.538558,11.584456
11.553201,12.079342
-27.712273,-3.9542458
28.189936,30.12026
-62.368904,35.118874
27.276974,32.826797
-42.739662,-34.56065
-9.094135,-5.995383
7.9902086,-16.939865
65.13984,-21.665304
-49.742203,-8.826535
-23.548908,-31.75217
48.845478,31.038643
4.773074,29.438593
41.119587,-49.12326
45.80984,-43.172638
67.63996,16.555914
-44.093227,30.625381
58.459198,14.020348
-20.293127,-27.804434
10.240229,-3.708857
9.069325,-10.727919
-53.30507,-20.535078
-48.696255,23.692205
50.141083,-33.226303
-25.385511,-6.145335
-52.290226,34.153614
-10.102742,-28.49575
-54.070473,31.186678
-19.008268,-31.030226
-47.28976,34.48539
-48.062492,28.058678
29.5651,30.990204
-59.22503,-1.6791539
71.45106,3.1605306
3.3947864,-33.274223
-55.25398,35.03297
70.33288,-8.273014
-13.747535,-22.429401
70.04969,-10.071749
-48.327076,23.157866
46.53693,34.643417
-69.19929,8.505494
-46.51151,-35.11631
-41.786736,18.718157
-22.08317,-21.543982
9.067184,18.675404
19.772705,33.73921
59.61093,21.797592
-21.959845,-27.160738
-38.97004,-40.26402
-43.97376,-32.974003
51.081017,35.953465
-51.451237,-22.929174
28.476677,42.235004
-42.120193,-24.527359
3.8780499,-22.893517
48.516834,-36.9997
5.62965,-8.018955
-48.364517,32.342804
-46.32415,-22.035
-39.284462,33.808437
-62.173428,2.6146364
-61.039257,33.959682
47.48426,6.099843
-47.296852,23.105988
-52.168644,-6.4656224
-6.0672293,-31.307735
32.956295,38.72334
-55.66402,-16.88169
2.068412,-28.406113
12.3484745,15.294938
3.1375911,-24.28963
47.9234,-16.35352
-30.326525,-19.84365
-7.860208,-23.35401
65.681175,-0.69885665
-19.942987,-8.097394
-48.732834,-36.29752
-11.668896,-28.050192
19.414104,33.857132
-21.25633,-27.573399
46.64224,-39.27246
26.588917,28.68549
58.877724,28.361729
15.543364,20.15043
5.303865,7.235589
-47.40015,12.853286
59.240257,21.688187
-65.09004,1.1251203
52.571228,-23.748713
-63.83134,-19.895775
5.0681357,4.0695777
2.57634,26.66232
8.026617,2.247007
67.38592,5.1277127
-64.30532,19.14137
-63.23227,-15.866287
28.014524,30.169315
64.84309,14.695105
53.234875,27.101559
-64.08811,19.450977
65.14967,12.954944
-11.679461,-3.824639
-46.07298,35.42106
60.063313,26.994186
60.581085,-27.474775
-53.422928,-29.265945
72.47853,3.0682755
65.032036,-17.724932
-55.20488,-14.416798
43.974518,7.593863
-59.66281,29.796349
-47.882835,-31.328156
-56.23161,-7.6383047
-14.963377,-33.94238
-53.648067,-5.086791
-31.606853,-24.350367
9.995806,19.92958
47.231297,33.906044
-48.282993,-10.884284
67.59896,10.058079
-57.07475,-15.610288
51.664104,-16.741425
-27.291245,-1.6643511
63.308895,-16.84019
67.77723,27.674715
2.0218089,5.0956535
26.452509,35.10122
-41.586235,-45.41656
-41.280296,-39.937435
-58.309208,30.61471
32.667168,25.911633
-45.978985,-17.348932
13.215359,-3.8559237
-13.0485735,-30.348097
-39.2141,34.261295
11.153558,-6.354095
67.93901,18.836815
48.69497,34.30009
-52.98814,-17.448711
11.959972,21.42323
-52.353012,-30.396383
54.932934,25.618238
3.1903846,-16.206158
69.94173,8.970542
-3.7637048,-31.839745
-49.914005,3.9824004
-32.61921,-22.275269
53.780018,-33.252403
-55.13885,24.131012
5.1798353,-19.840002
13.588664,-18.888918
66.687675,19.502966
64.77772,18.154755
-18.410532,-13.0240345
67.96884,27.507166
36.361946,36.799328
68.063385,27.430836
52.815826,-32.39177
66.86873,-17.403404
-56.22275,-25.66321
12.289786,27.776325
68.5481,15.572234
60.570927,29.823887
-22.27171,-22.462914
31.903814,33.44397
-60.730083,34.018166
64.70887,16.658205
73.17209,9.493354
-46.242264,7.223633
-61.092743,-18.773731
-36.258636,-18.265165
-12.874159,-4.874572
3.3181105,29.57029
-55.658276,-7.8148317
70.401085,3.7914176
-16.176922,-9.913901
22.06812,37.585495
49.65935,24.228127
42.03161,-48.43598
-46.63611,38.715557
-59.050808,35.49837
-50.928062,25.026737
56.443764,-17.275696
-54.039806,-16.829311
50.48021,31.364218
44.05902,-47.34489
-57.90073,-0.9097655
-55.482292,-35.773155
-56.15167,3.1661496
17.190557,23.695826
-13.471752,-6.631701
44.035824,35.090073
67.52267,-17.067572
13.961758,31.188751
-44.011925,-44.77822
25.315775,28.641684
70.71444,0.89846563
12.669937,18.937994
-45.779,17.770205
-48.34332,33.195217
44.96885,28.381344
-61.873577,-16.695023
-67.52985,11.33422
4.8681417,2.402351
-51.78009,-25.250559
-0.0253948,-33.01597
61.1667,22.736214
69.20248,8.581504
69.912605,-2.3685331
74.83788,-5.6364784
-42.66385,-23.289652
-49.812214,-36.331642
59.33031,27.075903
70.027695,-11.959516
-57.280624,3.3991063
28.46097,34.08964
30.946491,35.474915
-60.537785,-10.066901
-37.531353,-32.364925
4.765454,8.220828
11.901324,1.5111437
70.53475,2.0481787
55.062164,-21.00301
8.375061,-3.4309533
48.035397,-37.137245
67.639,17.256655
69.567245,1.3687242
23.4086,32.60316
33.765022,26.013584
-22.005518,-30.851551
-48.907,39.636154
-41.927776,1.9067544
-16.114752,-14.018698
67.36371,9.349886
-29.81634,-27.230791
-67.007164,1.5778929
-48.494797,-33.05443
-56.46493,-10.035137
-38.486916,16.13092
6.45022,19.334934
48.207428,-44.661343
-6.194212,-22.112669
43.93267,-46.326607
54.759457,-35.020332
68.882935,-12.219069
15.487824,2.8401854
-63.033253,-19.114761
67.26948,-16.0156
-24.231625,-6.674215
55.991135,-27.262426
18.457937,30.614317
-50.629353,-4.6763954
58.42686,-30.732428
31.705523,32.548996
64.42845,-22.163065
5.4980426,-14.99683
9.6652975,24.580708
59.144794,-28.142063
10.66661,-3.3149774
-52.077446,20.94269
55.791737,-33.068436
44.850143,37.31933
7.053046,-1.0789279
-24.792068,-7.7844386
-63.2026,14.207718
0.1024677,-26.390379
-57.747807,-18.715425
-48.264492,-7.889261
29.27692,36.069016
25.438282,36.042946
-29.399372,-0.0540793
12.965237,-7.6514964
7.5731483,-10.897322
-0.038392212,-19.330454
3.1521792,-14.665046
61.374348,-6.343254
29.77656,37.460106
8.966441,-6.978691
5.6069617,-4.25694
54.38063,-21.828176
-44.97378,38.190617
30.781794,44.104977
16.485998,34.38867
8.29475,-9.116602
53.55137,-35.461697
54.448353,-23.206327
-50.82869,33.22367
-15.641448,-36.778484
-12.012131,-3.2883108
-50.290607,-31.952019
53.87188,-22.633492
-53.884514,3.7296371
0.3037025,-26.841478
-9.146333,-28.452484
-56.779827,-20.259642
8.7601795,12.510249
48.368576,-44.2064
13.739592,22.15091
13.93705,3.4389122
52.15961,35.006893
19.595192,29.721039
53.15125,31.03402
-52.515423,-26.531189
-41.61008,4.6962976
-46.25515,-38.877472
53.09108,30.635197
23.473307,35.466164
-50.078484,14.579823
-38.19207,-48.439713
7.8377213,-19.185444
47.732224,36.350456
69.0579,11.474584
-2.410624,-8.458595
52.102848,-12.447711
69.82683,-6.708271
17.278757,19.719872
-39.931248,-43.99583
61.248623,-9.967925
61.31494,-28.642233
-57.737316,-23.541212
61.965824,-24.91436
3.1485696,29.652077
68.13841,-5.911079
-51.95233,18.005224
-36.753784,-44.079277
58.138134,23.490465
-24.370384,-8.087532
54.418163,-26.987753
-46.793755,-37.628685
-16.680216,-9.764391
69.2267,18.996527
26.082302,32.205784
70.52915,-0.011323273
37.84294,38.456486
70.98294,-3.0772536
-0.85129607,-34.394924
-66.4773,15.909143
-55.57657,1.5051744
17.024223,24.368011
66.050964,21.494373
69.17232,2.7890704
66.18434,6.5611005
-34.432846,-23.920977
62.243607,24.626984
-53.091698,25.969532
-55.368206,29.971842
10.8834095,-0.24566294
44.062992,-46.669006
51.22182,-14.972847
-54.4572,-24.824556
68.96071,7.193735
-27.864914,-5.8005505
71.691,9.061304
66.33197,12.669276
-40.842583,-45.43939
4.367669,29.43238
10.286816,6.8434787
13.831759,29.988472
22.588625,37.94524
23.813404,32.25029
18.505816,32.642296
6.725775,30.72835
-53.908504,-4.8190084
-17.194553,-30.107025
26.442455,34.387264
-57.361935,-7.057822
19.968454,32.062096
67.470436,-18.013824
64.42789,-22.581337
59.46948,-26.874205
72.89068,7.8987093
63.97177,9.384262
-66.69084,3.8333912
50.3224,32.534172
55.430393,-22.636066
23.715485,38.565544
24.035236,26.504456
6.3911476,-15.627985
-54.712914,14.254845
8.940971,10.10396
-61.23017,4.034281
-43.523354,-42.723232
-2.7710216,6.512024
-46.89951,35.729725
49.130947,-24.899244
5.1073294,-11.679892
75.1298,-6.4440665
35.048275,15.8379345
53.950356,28.976175
-42.796036,23.757673
69.72383,9.804754
57.870213,-12.928492
-0.012878405,-24.972193
53.7734,22.104044
-6.476036,-22.732384
-28.875118,-21.8998
59.8929,28.186962
-47.491833,25.377615
11.969783,1.028485
-28.601538,1.0057851
0.98622125,-31.593578
8.932752,11.959927
30.301702,32.010662
-55.666485,-25.88725
13.299187,-0.06710259
40.253372,35.850006
10.254768,-8.797489
-51.47595,31.137753
-34.731556,-41.18106
13.879139,19.584415
-56.12564,-36.57132
-59.096394,20.241781
-57.70571,35.379593
-20.275463,-30.059364
41.177235,-47.411312
68.984276,9.473049
-48.49885,34.41676
46.53616,6.834554
50.125835,6.22094
36.61843,40.25332
-59.12642,23.522415
-39.496136,-4.9744315
2.8425226,-16.452396
-26.470287,-24.017181
-48.059155,8.323449
8.644406,-0.8789557
-26.95315,-20.948908
-58.95792,28.50602
-62.7764,18.08247
-23.198483,-19.875698
-28.86832,-27.236216
-47.31143,-12.731303
-49.908024,29.289745
-53.95697,5.986288
-50.689472,17.675638
-50.843914,27.168552
38.433773,12.953762
-18.709045,-27.859346
10.045079,5.7942853
51.8584,-13.227842
8.842383,6.32615
13.9548645,-12.211963
65.18658,24.347824
48.248478,-14.833465
-58.93718,28.843494
-42.51132,13.254452
57.106216,-12.763649
-41.33407,38.165653
-52.36127,26.370087
42.59856,-46.05149
-57.897964,-4.2592597
51.43657,-37.070206
6.7169394,6.0235076
16.102085,-14.815355
5.6011353,-9.778969
53.039764,-16.736639
4.493145,7.081663
50.221554,2.9744632
42.069176,-47.309826
2.6409156,-12.841853
-43.673843,28.459476
2.4198372,-13.07546
8.308152,-12.2487335
12.222624,6.639179
16.1738,27.155659
-53.84681,7.1367135
-37.637665,-31.467735
-65.93317,1.7433876
30.195845,40.666115
60.03594,23.27365
47.737217,-36.01113
-16.256172,-25.698055
32.491478,38.864044
-3.9197574,-27.144644
-46.300785,40.25754
54.96566,25.811882
8.536645,-3.274331
-54.857864,27.787327
-57.200504,-21.37243
-49.993725,10.913563
-41.90848,11.828688
-50.677917,4.34021
55.433823,-20.117014
-65.74866,22.48645
53.159477,-22.151579
40.566406,31.603558
-46.544426,-31.348654
26.616667,33.491707
-26.982876,-6.311727
21.876575,24.035711
-21.898563,-22.329348
45.08769,7.2829924
1.1333332,-13.994395
43.114483,34.100967
54.141018,23.204727
-42.188324,-47.994293
1.0135145,-14.26863
48.779552,34.4865
24.14217,41.985226
-39.574802,-39.799286
-8.235355,-29.248535
13.22878,6.1767945
3.941809,-10.938026
27.375942,28.71317
-15.797647,-31.241915
-55.332672,-12.897104
-55.96022,6.13922
-8.144756,-30.748617
2.8063498,-21.271296
-60.66104,35.075825
-29.991108,-3.4291952
63.312077,17.134378
-53.47137,-7.0204587
-32.148205,-21.934395
-54.4326,4.148245
53.10786,6.348712
46.57923,32.73982
17.867739,12.289161
-52.99548,26.891447
10.396189,1.5937802
23.71933,41.600708
7.3207707,-16.32494
-56.61532,31.384644
24.82748,35.065983
-54.847923,13.533384
16.550848,-12.969968
69.80407,-8.601073
-45.021362,30.90915
-52.356155,14.373963
-55.636684,-9.667509
13.273839,20.713884
-46.976402,-26.220434
22.379911,25.805237
5.3015466,-16.47459
2.9588785,-26.819536
-48.625896,5.4742193
-9.424837,-28.554094
-48.40417,17.805634
5.48124,-7.718313
50.558037,2.0447147
3.629835,7.8335495
5.3283124,-17.853306
68.44185,-0.71140736
-1.8080052,-6.6019263
-55.175884,-7.455839
-30.200697,-21.495197
1.703492,-24.817745
62.504635,24.093653
41.044212,34.012966
36.93371,15.2299185
8.602634,-20.105284
-10.124297,-32.009205
-1.6602218,-32.26362
-48.72048,23.677485
-52.510654,-15.228001
-64.63002,-17.336779
52.500324,-34.92467
-57.7907,24.692429
-45.514473,-12.395954
-64.44067,7.8941045
50.470207,-17.00925
50.981213,-18.928122
-30.440046,-22.572416
16.05669,-6.244437
-53.46838,35.02005
16.293304,15.062065
-42.5268,-44.960453
20.049376,25.778866
29.597563,35.798527
-6.7981424,-28.218813
14.581208,22.132187
-54.283848,2.20472
11.208736,9.431661
6.0937896,1.9701726
-45.593082,37.630997
-20.468826,-9.891887
-56.302803,-14.757365
-41.73188,-49.63493
10.962955,13.801991
-59.399715,0.46718207
49.491608,32.089603
53.685886,30.115294
-44.364697,-46.75642
48.381523,3.0138538
35.06673,36.16496
31.951593,27.230776
12.6208515,-16.547302
11.989172,-8.1367855
-23.59453,-20.689938
-54.86784,32.65811
11.084239,-15.53822
-57.07163,36.558506
23.384615,29.379559
-31.830528,-22.28237
-59.437634,29.869453
-31.531565,-20.564135
-62.498978,11.9299135
-28.583397,2.333106
3.497941,-23.54845
-58.832115,-13.047707
13.157141,-17.805254
-33.239014,-23.593447
-32.89851,-23.468977
-55.392742,33.54665
11.542016,-10.742543
-16.677279,-7.270679
-9.846765,-6.099375
1.5685086,-19.501297
13.860957,-0.24471247
-58.707733,-25.130474
-17.340107,-24.243742
49.578186,-23.556034
63.732765,8.6228
-56.077152,-33.90577
-48.49117,25.719545
-10.870217,-3.9798212
54.65683,-11.63478
9.608669,-11.877187
-67.6596,19.863485
46.28689,36.724365
4.6395783,-20.884657
-19.989397,-30.113752
-59.28479,15.560204
-48.362396,20.205662
31.540758,34.410633
-44.814854,-30.788105
13.065785,-10.992948
53.21169,-33.29617
71.246185,12.058295
58.213417,31.905739
60.584415,32.53918
-4.2161083,5.860921
-1.0789802,-29.813053
13.348593,-5.5163703
3.7675722,-27.256031
-12.543218,-30.456749
73.402855,11.559368
-49.50239,22.182753
-58.827404,19.257347
69.56041,-7.47188
-44.837307,-3.3639154
56.588856,-17.96147
-54.58502,0.917559
70.79459,10.07888
56.637486,31.519297
-49.231876,-11.333813
42.07947,-47.82327
19.016876,31.50628
56.302776,-27.226686
56.709824,-32.025623
46.86654,8.669709
49.937298,-25.567036
34.91875,38.021328
-9.361753,-8.286276
54.76595,32.136436
48.17725,-43.3299
54.625458,-13.140585
15.142287,-3.7202516
-47.248043,-36.88629
66.240036,-17.724632
-24.151203,-6.574111
53.310467,25.96768
67.09678,-14.779911
8.438421,17.035536
-53.662796,2.5777066
-20.959818,-26.9668
41.48362,30.754885
-28.33016,-5.615322
-61.575138,15.974098
33.58563,37.06961
56.41698,-17.33366
-40.954067,0.9603223
-13.700122,-27.55233
-19.454859,-7.3993845
48.971123,30.326971
37.5314,35.601887
-48.78448,-22.83213
2.571783,26.649258
-51.487225,6.926981
66.7178,-11.996796
64.18396,-22.35957
68.236374,-11.750356
-68.314285,8.03515
33.292633,37.155457
61.265686,-28.947231
-48.916267,-5.762505
36.96633,33.28345
-20.6168,-31.013943
-17.128664,-26.344513
9.458511,-20.669125
48.634735,-43.223507
-9.967975,-26.58174
54.505543,-13.843717
-70.25866,8.717539
-64.158615,21.05438
-62.52558,-14.043347
52.645668,-36.664536
71.711296,17.131084
45.228012,37.219334
19.588306,29.000301
57.369503,-33.081303
-42.237072,-43.64437
-51.192783,19.68049
58.601685,-28.866508
55.748493,-33.473473
47.4073,37.4421
-52.041443,2.7261186
44.332775,2.8196483
54.87392,-35.182133
-42.946888,13.9728155
23.10054,27.476542
-17.558702,-33.22406
-47.094505,24.054604
-60.928246,-0.71198285
64.745056,-22.306479
62.733585,-9.623899
-53.300404,2.0231035
68.38011,0.6538826
49.83631,-26.344034
54.074795,6.2012334
-55.464417,5.0307894
-37.263474,-44.42992
43.27478,18.467184
11.665992,15.196851
71.27868,11.851406
-42.830082,-42.447823
-44.735405,-46.297176
54.321198,-30.221354
17.093864,14.107916
50.183346,30.341064
40.14221,20.55492
-64.26939,11.146598
20.8979,23.009062
48.757248,32.924892
42.655987,3.3929453
-52.366554,17.01636
-64.10675,-16.760298
23.247295,24.556507
60.296627,-30.50815
12.40344,-13.336167
-47.716217,-3.1623006
-19.243128,-10.052246
-17.379873,-27.385405
-56.001015,-10.783865
-20.90258,-11.05048
-59.754707,14.29844
-4.2219987,-19.813665
-28.96668,-2.926608
32.471157,40.17345
35.46825,15.15747
-60.011436,34.329544
30.983187,29.621328
11.007345,-12.131763
24.095903,27.1117
-11.581767,-3.1230788
23.8793,26.671291
-59.187485,12.428371
-43.895176,-45.6984
-52.40268,-23.441883
69.20103,-7.3614335
-56.32126,-10.017821
2.4842296,-15.636718
-50.61493,32.376865
74.8201,-5.5060887
52.587025,-36.39831
7.772718,16.379856
64.24703,-18.369484
-44.405212,-27.421968
70.628426,11.366588
-55.070976,-15.67219
-56.164772,13.612426
-39.639816,-43.84491
-63.85977,6.1649437
-45.062115,4.31011
37.70455,27.500307
8.798582,11.3531885
-19.577482,-9.07677
58.973423,14.209783
-48.72926,-11.345282
13.376972,4.5384946
12.163289,22.749796
-30.389187,-21.326923
52.26589,-32.698944
-45.47293,-25.505997
-61.91,-18.108591
-16.958397,-27.483473
36.233776,15.858291
33.527634,29.387312
1.5631955,-22.735445
7.7887483,-10.928273
-48.980698,13.741957
0.92220694,-17.012264
38.096233,40.04789
48.55764,-38.24497
52.27947,-17.60289
-7.516246,-4.3682785
-45.031876,-14.213246
10.686168,21.903858
74.22261,-0.77645165
12.323735,23.370577
-54.628666,31.907448
41.604767,36.222878
-27.990973,-4.5912886
68.80297,6.0027437
68.56031,10.983385
-44.306656,24.741299
-21.66052,-31.520905
-50.39359,-5.4337854
-61.290913,33.153133
-48.0425,-36.386
64.95974,12.599062
17.298306,15.92656
54.172794,23.556164
71.77511,8.493981
-4.4706764,-20.018843
-42.331284,30.114134
-5.1567507,-27.564228
20.366077,27.237745
12.835607,18.386946
5.4581056,8.986258
-57.487423,22.716225
-46.624866,-11.786509
18.748741,18.384111
-65.04065,0.7944211
-47.98968,-35.768116
-26.242989,-0.6237761
-53.005917,4.6921115
-61.735683,34.149406
-60.102783,-16.316692
-49.237324,-35.13922
-47.527924,-37.616386
54.869614,-11.604025
41.989124,32.406746
14.275369,6.667905
-40.17565,-42.249287
-1.7963961,-8.987095
5.189247,-12.247979
9.184587,-17.51973
-11.644442,-25.539883
-1.9559221,-31.485907
44.946262,28.250263
14.660597,22.412312
-1.1176035,-20.900911
7.910923,15.894671
47.73955,26.214582
9.463366,-19.001942
33.686455,35.092056
-52.22701,-22.674213
-60.43909,0.23823354
-44.221577,-32.049644
-51.293064,5.3355727
-45.937057,2.130525
55.864185,-12.949012
-52.44843,13.648677
44.766544,-46.15279
6.472015,-23.514917
-62.534603,33.233063
59.65907,28.270672
-60.90924,32.717834
59.76339,31.837177
9.475765,-16.096775
26.265556,38.55665
-30.166603,-28.002571
45.71095,32.85379
56.223694,-14.89049
-44.74238,-4.955453
43.223026,-47.325466
-56.502865,15.344975
-40.729076,-44.627293
51.19495,31.32155
51.633804,-37.59161
-12.753058,-35.20554
-17.245306,-10.376798
-55.575413,-33.989525
-55.374214,2.640076
12.49066,-14.715818
-3.5813828,-28.298925
0.61931527,-29.089014
55.265854,33.22365
-23.176722,-28.795208
64.867294,7.872554
-41.901527,-38.55996
11.315861,29.515146
-60.163326,-3.1129534
-44.15371,-27.62756
12.278609,16.317978
-18.339281,-26.053133
48.931698,37.011604
-58.478848,8.241186
66.132225,-17.60414
8.42473,8.815412
-61.779144,-18.33538
-69.32676,8.177976
-50.52277,-19.828205
72.629326,3.664923
-57.281593,31.49629
-53.702206,-5.6743503
37.756424,13.4292145
-26.437052,-1.1470135
24.22998,36.401226
-58.43971,-6.001819
-11.51488,-14.558365
-60.733986,30.884176
-61.869392,15.367085
-5.293068,-25.233158
52.35005,32.337776
48.082794,6.997195
15.509877,29.296747
61.792606,27.766062
-41.75273,24.814787
5.8565454,28.360579
-55.889847,-26.920765
-15.831533,-21.458641
-1.2726395,-19.222015
-51.290222,-18.014605
13.643855,-14.042431
49.129612,3.3411446
-46.21789,3.4252896
46.790638,3.1822317
-44.629765,23.647049
53.626736,-23.412205
-41.295677,35.209854
-51.810825,2.2315593
68.858055,16.649471
-20.816343,-33.321636
-22.474277,-20.371729
-40.960674,-49.24486
-52.9663,-22.696463
17.261003,18.443447
-61.87828,35.477886
-54.895638,-34.752617
-53.070076,18.21626
-60.460224,14.399547
-41.720898,29.0642
47.85433,37.05821
-48.83539,-34.307034
46.678394,38.384434
56.901478,13.61202
17.856855,28.181028
12.5272,12.737788
67.36722,-13.409839
-6.865141,-23.716427
33.299107,29.062016
-27.842594,-27.087141
18.473825,25.939024
14.498953,-10.431704
-47.75787,-20.30486
-48.77539,-22.76096
-65.49599,14.405026
70.066444,14.551975
-45.844086,9.292412
46.28932,6.3899903
-51.967716,-1.2931639
27.919136,39.12082
-45.49511,-15.602492
17.796476,24.834517
-63.03198,14.774089
-37.41328,-14.825475
3.8446383,5.6762733
62.609684,28.34663
-62.801014,17.933397
-54.200703,33.489834
9.1359,22.121021
51.71004,-36.301044
-48.351177,27.265188
-49.356674,3.643198
-47.553905,39.831978
55.08136,28.509295
-24.61837,-21.372467
17.482029,32.523685
-53.51785,20.14388
-65.574554,16.249977
71.54145,4.5945616
-41.440823,-39.406506
9.976365,9.674518
16.485792,30.90627
-48.730568,16.035103
-30.012003,-24.31188
24.93448,35.584614
6.53443,11.909153
9.322218,-0.930828
-47.993057,6.4642115
-18.358942,-13.975803
24.083652,33.164707
-43.64731,36.19983
-45.586754,35.246307
54.996532,-14.212747
62.476032,31.081911
50.687206,6.546833
56.997807,24.91128
-55.862568,13.374662
8.371389,-2.346318
54.46198,31.471691
-12.756835,-24.677902
-9.05996,-31.52809
-28.319601,-27.670994
-48.200314,26.516603
4.9739847,-22.423279
-48.50695,39.87242
16.76758,15.970122
-53.70846,26.944897
-55.809677,-0.4790197
46.853043,31.436497
-59.277287,-8.350315
58.95039,-27.942541
8.373085,-17.85116
-46.795895,19.413857
49.434925,-23.19672
-37.08976,-47.419006
19.416388,14.000637
16.76391,-0.28054214
70.100555,-13.190765
44.66844,-45.28835
-50.65218,-19.551077
30.362606,44.109104
-7.427872,-25.482584
-17.003653,-29.690796
9.487421,6.6670814
-30.189943,-28.151869
13.952998,33.00051
-49.83607,15.785498
3.3583388,-0.6753188
51.055984,-17.920374
13.72765,24.408272
-43.131462,-45.60011
-22.05546,-10.058688
7.8426104,-16.909937
14.119672,12.279166
-2.326732,-27.391703
62.24365,18.841188
-39.782867,22.559
16.162985,22.569881
22.167578,28.85063
48.632675,-40.040497
-19.847784,-8.098133
-50.827286,1.2700521
9.703356,-19.241652
29.450443,34.492867
-13.558567,-32.760853
-58.804867,-13.330524
66.724556,-14.062494
-40.04458,-41.625404
-43.569103,-44.866356
69.44586,6.234381
-59.050102,-1.141107
56.35865,27.018616
16.94645,25.347076
64.26387,20.483522
-38.65631,34.842716
-17.376156,-33.01222
-38.89838,34.40567
70.289215,-4.572217
-25.322065,-0.37047252
-48.920807,32.418602
29.635227,38.523567
67.0471,4.2336435
-43.427013,39.780136
-58.707752,2.875449
-48.895794,-34.412865
54.057262,-22.150097
-43.85951,34.120144
-54.03871,-18.658144
-53.929417,-21.819798
2.4099374,-22.395834
65.46746,-11.317194
-29.385412,-22.913923
1.7041712,-6.099286
-46.354828,-31.199469
-20.447006,-10.699434
48.479805,-39.437187
51.089157,28.174278
-65.05391,13.728084
26.519045,30.678259
-40.374447,-40.265324
-54.428024,27.887999
26.252464,38.70606
-6.9731054,-24.33308
-12.43187,-32.748554
-63.864975,21.66172
-1.0686946,-27.59807
-41.013897,-2.5050683
-66.44289,18.746147
57.528694,22.741714
-42.53475,22.52782
-53.993343,19.016638
-32.71699,-26.93111
-62.96177,-10.081114
52.11895,-32.683975
-57.8104,-19.068176
-48.9705,-29.30366
-44.89,0.63594437
6.923436,5.842737
-52.48688,-34.773506
-8.614727,-5.0259113
-65.97012,15.514713
65.50944,-10.044558
-40.32893,35.320198
6.6041155,-13.70996
-60.21724,4.2134867
51.972336,11.898253
14.010305,25.29201
18.11643,34.981384
55.29008,-18.892742
-63.287827,1.4040074
-16.790123,-31.131752
24.86926,23.693907
-41.82239,-48.843998
-18.499256,-14.593387
61.277424,-9.308064
12.300216,-4.5540977
-44.371395,12.687561
69.729294,1.4739542
25.126749,31.40756
45.838135,35.159187
52.881092,-30.867126
68.30784,-10.651443
62.773716,8.989866
-45.440514,39.33027
50.46007,-35.72655
-41.438576,-2.9469604
11.493143,7.688413
60.27875,-26.453466
-52.54602,8.506807
52.194263,10.153125
30.395552,33.19995
1.6863227,-20.42362
-66.31344,16.727074
-49.828823,32.736267
11.1476,-5.708685
43.502483,-46.680477
29.496132,29.916014
-5.859095,5.683393
-56.66987,-20.645412
70.05889,-2.852816
10.528891,18.440798
7.88415,-5.514023
14.169304,27.796375
-42.49215,9.644847
-56.067272,35.648506
-0.2737069,-28.308977
-30.046911,-1.18847
-52.67153,29.078106
-50.49128,6.316667
-50.083572,-35.95498
63.64447,24.457767
-14.436535,-33.496532
24.10279,35.85313
-62.549088,20.904455
27.735493,34.744335
4.4769254,-18.288881
-20.087542,-26.398186
-46.08262,12.214352
-43.507843,-43.997437
49.887447,4.102321
14.583673,3.8807726
64.29506,9.59948
-46.334354,39.73635
8.6254835,18.312555
6.914771,-8.740778
-18.435455,-7.1305747
-43.79301,-33.045834
-59.33806,19.593634
13.247981,14.606089
12.75568,-2.1882553
-41.253994,-43.643593
12.501329,-6.3576694
65.296585,4.2429113
10.382082,-10.255732
-66.2089,-1.4349532
65.731255,-14.674602
58.246353,-29.692225
9.948501,-6.2215543
-3.1307251,6.268831
26.986675,37.879013
66.91374,-18.768646
-34.32148,-45.321312
0.49575764,-8.375578
49.26919,9.302116
-29.09742,-25.102188
44.56629,6.8621526
-54.342808,-37.810444
-48.565563,-32.44121
-5.00353,-27.560482
67.99353,-0.163563
12.217644,23.632402
-53.98832,0.3437882
52.88628,-33.810963
36.261906,16.73834
22.26398,22.463326
47.14301,-38.53911
-6.5167184,-27.65978
-18.84052,-30.644394
-29.115362,-2.1877587
-40.480343,-3.7224162
34.739037,15.3439865
12.9412365,17.639061
67.825226,-11.391565
6.4034634,-18.359821
-26.92723,-23.036802
-14.361551,-31.61636
61.993355,-25.85604
-45.829124,1.7545528
-44.607075,-5.440589
-51.926277,7.106512
-50.878777,31.955421
4.5744987,-5.896946
63.710663,-19.642044
-57.83325,6.868699
31.332197,28.635231
64.49362,19.347023
60.202103,18.074104
11.83428,-17.178999
65.40075,23.210512
-61.39905,2.9293582
-43.14116,-5.8349924
43.1031,29.877844
-52.724026,-21.533245
18.278807,28.344969
-50.151936,11.263238
-60.610508,34.093117
-65.75077,3.249649
-36.229534,-18.224989
23.034533,30.526752
-47.57368,-13.3104105
14.567774,2.7522457
57.77294,29.128302
-52.35396,18.98961
-55.326923,-16.263617
-42.269726,-49.709274
66.61526,-9.930211
-51.16858,29.755955
11.727625,12.700542
-52.695694,1.2043772
-56.11187,34.401714
44.874413,31.99387
-40.904663,-43.08741
-49.915657,-32.50319
-50.58727,-28.052887
68.92123,-5.8912396
13.000997,8.592204
1.7412243,-7.881655
-57.953888,-11.9976225
-27.741877,-6.3156433
36.61057,33.15921
65.649796,20.068012
-45.227417,-19.681995
-39.92435,-44.554726
-52.58929,34.994114
19.215937,35.334747
-52.820183,-30.23626
10.694693,8.915446
-30.905848,-25.149294
61.431656,23.642996
-47.33641,21.75166
-57.636707,10.569637
-7.3043184,-30.277401
-52.981323,-4.714736
-47.82359,-33.68988
39.959816,39.44702
-45.753994,-5.264741
51.55372,38.75598
67.08115,19.087727
-55.724735,-22.12666
-15.3976,-33.21281
-3.893459,-33.923195
-15.595413,-11.026143
-62.497997,21.00272
2.8450809,3.176545
-31.864082,-22.437586
8.187933,25.23602
25.970407,26.792845
-31.424875,-23.612211
70.47767,3.2086654
9.151448,10.022249
-12.674147,-31.544874
2.6165204,-22.000475
-62.177044,11.474762
7.5381656,-12.221115
22.056955,22.678617
-57.227356,-17.270758
-41.75315,9.617068
10.777549,23.446886
-12.156417,-3.9105592
-47.987595,36.929688
8.709236,-17.73159
40.492077,11.161019
4.967167,-8.050807
-50.939087,14.198843
49.14218,-40.093517
18.589132,20.203873
-10.402342,-27.776909
-63.29734,-10.150027
71.42538,11.051579
-49.978054,-6.5537868
59.731895,31.985193
22.817827,35.255318
69.03885,-11.841174
-53.772835,-6.6846604
-37.719456,-13.672842
-39.792915,-42.696186
-0.34042117,-32.498592
-56.629803,35.29977
12.439178,26.418896
53.704876,22.152897
-6.3659387,-26.878494
33.060764,15.86877
6.443569,30.478579
-60.862892,14.7377825
6.236033,-16.99409
34.87973,27.473536
-25.54662,-0.48683333
15.335053,17.50845
-56.32229,-34.289246
-46.605957,38.55713
-22.979364,-29.883327
71.06286,12.632219
47.072414,-44.140812
9.06483,-15.013257
-20.68059,-8.543792
35.137615,16.569683
-65.34455,18.196898
10.904221,-2.012608
-9.596362,-7.7149887
-41.996723,-46.41951
-15.42777,-8.946443
9.588959,5.369128
7.0390615,16.650145
-43.619633,11.026916
-46.305202,30.327528
54.6343,-20.859951
-50.66669,-33.589836
-51.683205,32.312305
-45.66679,12.678163
-37.87326,-47.782555
21.48014,22.845438
-55.268795,-37.150314
-43.54946,20.954123
-16.868189,-10.190449
-61.930664,-5.432132
20.939129,32.185036
63.68238,-18.646969
-66.46345,18.45644
16.01859,-9.268122
-49.10261,5.1862955
18.296211,31.931044
-8.13498,-27.741814
67.94532,27.63101
58.0226,-31.42357
-53.241283,29.027287
1.3480525,-6.7518783
-55.31537,-6.4643354
-4.1041164,-25.309761
-56.162827,22.993176
-46.15185,-24.31099
51.264416,23.588987
-43.905598,35.82025
-28.745523,-4.2169666
-2.0161781,-8.760766
-64.12329,0.4420945
-42.781326,-24.730616
17.90226,14.537453
-50.84933,23.25054
12.7442665,1.9020786
-11.280061,-4.6149898
-59.399784,27.393482
-62.522636,12.097407
-52.175716,17.167255
-21.680809,-11.051858
-25.059462,-25.172325
-58.381474,-13.621255
29.325909,35.98331
6.4684877,-24.291843
-46.490158,-29.08968
-44.673153,1.1259207
-48.226215,-12.80837
-61.17133,-10.116861
-60.588657,-1.2506739
30.853981,24.844828
-39.819557,22.550505
-18.659061,-24.558168
-14.955819,-27.166248
7.384132,7.3752594
-53.51589,27.145285
9.378936,1.083384
-25.129278,-7.8216085
-50.87103,-7.7830524
7.557746,-15.182393
10.589828,1.9311439
-54.285946,-6.03912
9.804658,-7.415494
50.348644,-39.490784
49.533302,-40.62161
24.45228,30.549381
1.0017737,-32.640873
8.606927,-6.548013
-48.23194,5.875115
-23.95475,-25.427086
-12.633831,-31.837488
15.252508,16.666641
-40.040768,-1.4449594
62.56208,-10.706527
68.07905,8.243246
-50.235172,22.229513
15.852861,34.86715
47.04217,-43.780293
14.245542,-14.750294
-64.48964,-0.5896334
71.28147,-1.9277754
16.038767,17.910547
44.340626,-42.910275
-9.079025,-9.042665
52.119045,-12.399639
-4.9985123,-32.92115
-54.241558,-20.62777
-6.175754,-1.1181538
-61.679653,-2.2682693
-28.630299,-26.889812
12.903035,-5.3044286
9.949763,-9.259657
-47.280922,-11.167832
33.57879,28.436071
-43.039017,13.839151
42.82843,30.04792
-59.690094,32.582474
-51.922825,22.399475
66.400696,10.703183
71.520874,16.76918
-44.457535,41.313385
51.64838,-13.501367
-53.31765,32.777733
-57.418842,22.788956
45.178284,4.5813694
48.14454,8.371372
49.53771,-16.76742
-24.377209,-30.44525
60.20998,27.41056
69.16949,8.553286
-53.99406,-14.124367
-9.749761,-30.247383
-48.670525,34.5576
-2.0824206,-14.665617
-46.376305,11.892242
64.91627,-6.199231
11.7692175,26.027752
13.637502,-14.959908
-60.177162,12.441769
28.664007,37.11066
-8.101525,-1.9938885
63.89558,-7.46912
-56.042355,14.983538
3.731513,-22.433878
52.873344,32.02521
59.885284,32.349213
9.69636,-14.956991
-5.063036,-29.259335
8.054984,-22.406157
1.9425901,5.1242533
-18.821201,-24.592327
-55.420887,10.762517
67.86433,8.681701
1.4649706,-23.31442
-48.639496,-26.795504
54.39355,-13.962609
-9.549576,-32.034595
-52.98,24.319809
-46.72109,6.861841
-3.6283066,-23.186586
-45.507263,36.7646
16.200497,18.66124
17.291481,6.52869
6.622737,-18.8401
40.117523,39.78626
-53.161957,-2.2676265
60.67943,-30.163017
13.891305,-2.0687978
15.277632,-5.0593104
49.79969,33.55966
21.247309,41.91946
8.030498,20.348547
-50.21111,2.3474567
9.982428,-7.478361
55.0206,4.56103
4.203136,-1.9150012
-13.206883,-34.004528
53.501877,-26.656368
9.299764,3.5614402
5.9508486,10.899617
-21.92968,-26.155146
-59.303024,-3.2070482
-54.245907,35.077625
-41.42279,35.583874
-48.15855,24.824055
-58.836887,15.981701
11.583626,26.93782
55.16971,-27.822187
68.4615,-14.33164
14.925848,-2.0058587
-50.192894,-14.057638
10.318534,17.27566
-56.17739,14.010551
64.61334,-15.578497
67.25662,1.1611323
9.274238,-5.402177
-0.50428945,-28.277601
11.745827,18.509712
-15.041457,-7.847173
-1.9325382,-30.45765
-46.491673,24.352991
6.2619457,-4.512753
11.595905,-14.610443
-53.03438,-12.920292
-56.71428,14.033918
12.982307,5.430185
57.320587,22.989573
45.436863,35.837265
-44.839153,8.386367
-49.382145,-38.99576
47.852543,3.4690835
-1.2904533,-28.013687
-2.2924657,-21.05338
9.418559,22.667635
-22.532227,-6.2679334
8.485179,-9.724949
18.404438,35.17659
47.662018,25.836702
8.800613,24.11358
-44.667877,-4.373052
9.503675,-13.072275
4.726985,-29.708918
-41.576973,-38.44531
14.846565,-10.626855
48.73126,7.322148
-23.197256,-29.035225
-27.906048,-22.534517
4.310535,3.6472712
-45.655533,35.72629
-5.9276724,-31.772951
-9.010228,-6.663133
5.2248597,-23.668879
7.9258056,5.116121
-27.430971,-2.839441
50.448223,-15.460753
-46.885666,-28.348383
17.026918,4.984393
-52.901695,12.374694
60.78001,29.320276
-46.752728,-0.8745836
-52.020935,-35.502888
52.32122,-15.372444
-40.010834,-16.993757
14.41465,27.341415
43.125427,18.57438
50.184177,6.7032876
17.536123,-3.4421217
71.80994,6.217143
16.768522,31.100872
11.21422,3.8540692
10.104147,-16.481398
-49.203247,-25.958656
-31.207802,-21.789078
-3.9771929,-25.086687
-7.4014354,-3.2461839
-8.179814,-27.816229
-2.8892415,-8.81197
14.003903,30.375374
-37.76442,35.10361
20.570883,34.69969
46.680996,7.6114635
-56.959023,33.433468
-50.296745,-11.451841
41.636654,3.5613647
47.62502,4.3362093
-1.185432,-20.862772
36.37889,37.030647
39.610428,40.61819
-22.691166,-18.11166
50.262596,-40.159534
-52.16058,-16.219109
16.016342,20.251804
62.413303,13.891411
57.742725,-25.744919
49.405125,6.6787953
-37.407585,-48.385365
15.524076,14.09622
-38.53968,-44.89618
-39.174393,-41.84467
28.730679,26.586203
9.691938,21.045738
-11.494156,-13.689942
3.0858693,-21.690472
-54.80203,-10.73399
8.197252,-21.693682
9.390501,3.999492
15.651472,23.77562
-43.804142,-6.159311
-37.760902,-24.303797
-44.50392,39.53544
-10.329681,-32.111744
41.488926,20.439047
-19.446585,-29.061539
11.709595,-11.462554
8.022695,12.359761
-22.619535,-17.867628
11.060795,-14.603341
-9.071216,-10.441435
12.197192,-9.036691
1.6611567,-25.027622
6.1207223,-21.640171
57.320366,-35.324753
-63.88874,1.5283345
7.644249,3.0749485
-61.972477,31.784443
-57.055553,-28.364088
-19.143284,-11.546641
54.922207,33.753716
-14.031422,-33.067642
-39.599785,-4.5580244
55.583225,12.945548
28.755043,32.78289
-40.84929,-44.962074
6.801833,7.797584
-18.55407,-34.977314
13.168254,10.382587
10.990564,13.403386
-61.020634,-3.3177414
-46.35339,-2.2222219
36.81389,31.475618
62.22342,26.558836
-55.30864,31.949594
-26.14474,-23.193693
-16.137964,-32.383957
55.89978,21.299084
59.64405,-29.345638
51.05477,35.647076
57.774494,26.7225
38.464314,33.020695
-64.17211,-16.69604
-67.22389,2.2387722
-56.09488,26.227697
-56.82292,-25.90334
49.012856,-37.12993
31.679749,40.191994
-27.148874,-21.689054
19.417202,15.98274
-44.151382,30.90654
-26.496347,-8.690748
13.995743,15.961372
58.73748,13.619711
-70.80644,8.040612
-61.826546,16.58331
18.512272,22.315329
38.136597,42.313988
-59.806297,1.6889169
-50.52544,25.46732
-21.261112,-28.920975
-56.207092,22.38061
41.77955,30.231216
-8.362255,-25.987324
-44.764645,-31.093222
-56.97546,-5.7989106
3.7636464,-17.993374
49.378483,-17.999517
-61.196365,-1.163708
-27.449593,0.6772268
-27.796618,-2.0985913
10.112,26.629692
-44.28413,12.118256
-62.970383,6.2150664
21.948614,23.736303
-62.726772,-19.855167
-49.71147,22.116693
-69.8153,8.419124
49.039116,30.166716
-61.502754,-7.3402066
-57.24595,35.736397
3.5569508,-26.13462
7.124667,-8.443559
-6.757516,-31.46454
14.816295,-13.530896
-44.879353,-34.972137
14.312663,26.11665
-22.329758,-30.841356
52.721886,-31.903618
-60.448174,20.715454
16.149092,32.473854
-19.88949,-31.782682
53.804783,6.3739157
53.244343,-24.3686
-44.811157,-28.479668
50.50973,-15.413249
74.240814,-0.74145144
63.89921,9.426981
-22.460032,-5.5647902
40.93358,40.359795
-51.929707,-15.981683
10.005133,25.48145
-65.31594,6.3852406
-63.32449,32.08765
59.220036,34.281563
-17.835281,-31.680994
55.42031,35.74224
-64.61973,1.9330832
-59.02692,27.53314
12.250833,-11.567105
-55.37829,-24.119709
10.942648,10.987862
-44.710117,-26.098919
-1.6575975,-33.024815
-42.645348,-42.617783
52.471268,-37.021603
69.53556,12.175829
59.45925,-29.40973
-21.266357,-33.713345
24.709574,38.095467
12.723298,2.2711463
-43.28225,-25.21393
9.7944565,27.682518
-50.25365,-2.1726341
-15.40715,-32.911964
64.56886,7.335572
55.170708,-23.19832
3.7395813,-20.081127
51.342064,-27.292051
54.09153,35.251144
-17.50355,-11.674363
-66.893166,17.978264
-60.132923,28.415276
4.548792,-25.465889
30.705236,38.578007
-28.593527,-23.849398
42.335712,36.87983
-54.200806,31.936935
7.4631977,-10.469364
-61.235943,1.8386585
-55.992023,-5.124576
13.05197,20.85616
4.0088425,-2.3288646
-57.05806,19.525969
-60.189552,-12.743625
-32.179497,-17.832108
-1.8853446,-28.23767
52.251724,-14.633867
6.4600782,-4.699526
46.268467,-41.96636
67.961754,-12.391709
-57.399784,31.370472
31.49485,24.845125
58.252174,27.275553
-43.610542,36.419655
-4.268322,6.711445
-61.534,-2.5060878
63.769154,-19.50547
28.951681,39.783348
49.20773,-17.96479
5.5239167,4.157684
49.933994,-40.695972
-33.296436,-21.806078
-25.91132,-2.8356671
6.835873,21.730383
-44.691395,-34.056
37.002182,26.896307
71.08262,8.5809
52.201202,31.35272
18.059793,36.298203
-26.150185,-2.183633
-54.400692,38.0913
54.529972,35.019302
12.426034,31.895813
45.169987,-45.608997
57.77087,-25.8481
-38.473083,35.588936
-16.039888,-25.64506
-47.019875,-1.4545634
-14.226279,-6.1743107
17.50849,33.30968
53.79196,-24.505688
12.83725,7.8733273
-66.28055,-2.756716
5.586564,10.689353
49.77775,28.947334
68.74231,-2.390513
25.916904,35.787224
65.93834,12.73343
-61.947422,36.213978
37.090828,39.25654
-45.56827,-9.184915
-60.012985,12.41138
-59.962456,-11.25466
-63.919144,11.332597
30.567575,44.10812
-64.10777,22.247494
-26.022785,-27.944498
67.45903,-16.345243
57.577187,31.166487
69.86704,2.4886613
66.71914,-8.691951
43.862953,38.06256
14.747729,-14.547956
11.676982,5.3504534
14.562562,9.487061
11.94005,28.376581
-27.084116,-25.211771
69.99316,4.98986
34.42552,34.628567
-15.666457,-14.240716
-4.743104,-32.72315
-51.707653,5.291626
15.864853,-12.258298
-56.73111,-24.97513
-46.860992,21.995726
38.330982,12.64317
13.179218,-15.519853
17.569975,2.089155
11.026393,5.666921
-60.833183,17.82212
-45.53941,-32.642117
-43.47277,17.694845
51.51884,12.650963
-47.163517,35.560917
2.5417783,-17.23694
-26.971985,-0.54038876
60.655502,20.72938
-57.32863,-27.426834
-26.870447,-21.008242
-39.74751,-4.034536
8.157073,23.56124
-2.1233091,-9.729296
-55.247593,35.52489
-51.598145,34.995808
67.91769,-12.726269
-53.47478,17.920927
70.448715,4.9281273
-40.14921,-42.557472
-43.769318,36.742588
-49.812176,-3.0742693
-61.243267,36.00264
-26.360924,-27.208374
11.067722,24.758781
-59.18523,17.919422
41.663025,25.21239
54.46885,-24.816399
47.066452,6.710042
-58.599236,1.7055867
-14.552791,-35.344048
53.96919,-20.565763
-51.830315,-19.420483
34.796722,26.95584
68.1915,-9.144622
55.52953,23.184132
65.87703,15.750034
14.586272,-5.124731
65.23787,-9.321936
-38.613525,-47.98602
-3.0067728,1.9372885
-42.877373,17.648655
-61.21053,-11.508524
67.90653,-15.591889
-57.027687,21.575575
-44.927307,-0.85370797
47.454636,-42.749493
-57.49448,-25.276112
-48.506596,36.80394
55.645554,33.885624
-15.013654,-33.719257
-26.442375,-0.36651498
0.07720397,-31.313036
48.64326,7.24443
63.46951,26.833397
-21.613455,-31.907713
-62.386566,16.463518
40.011894,20.060362
-66.35304,4.5933795
67.88491,27.677559
52.62358,-25.499176
13.856109,18.894558
45.4615,30.449871
-44.46836,23.501911
14.60809,8.313519
-51.39044,8.236131
38.02723,39.77362
-45.66111,-9.074192
69.10018,12.870226
7.4310837,-14.983478
-62.878944,-18.557878
-46.233974,-15.184582
3.9883542,-18.363983
66.89844,-16.834114
59.901917,-6.412734
60.193214,23.659403
35.765232,11.970943
4.691303,-20.683334
10.55487,2.948311
63.170933,26.159077
69.47161,-3.4138958
-21.828506,-29.874979
55.14196,-28.660454
32.84066,34.167423
67.54003,-15.111645
-55.930885,-24.23313
3.999475,-10.675342
-48.753044,20.306013
-58.194614,-5.59322
-46.703274,4.901897
-12.999058,-5.8892813
72.11412,0.09296005
-51.83084,11.609468
67.54605,-11.719191
-38.574146,-45.432095
-26.374105,-5.3744674
37.336075,15.996908
12.286878,30.081884
7.0467825,8.484876
-45.842674,5.2187834
52.641907,-12.240786
12.413869,15.735449
-1.4367796,-26.34382
-50.36025,19.900078
-49.667534,0.49205568
21.230581,35.001392
30.937136,24.206606
-46.93132,-23.812462
47.502575,35.52017
53.125023,-24.66894
-45.3681,30.059448
-49.07168,-29.389612
64.677315,24.718311
-61.622356,0.36121443
-67.3857,10.376144
-46.705738,-12.708364
-55.414124,-23.830105
49.768715,-41.34806
72.21764,9.990108
58.260635,23.54955
51.040016,32.04901
-52.075123,11.979787
-59.93796,35.424374
3.481774,3.8798187
-49.074078,29.583323
-38.316574,-48.276756
-57.04787,15.325339
35.37511,34.790253
66.33575,-18.583323
-51.25913,-35.53059
-7.9041667,-1.6259507
14.752528,0.9899632
41.312153,35.995716
52.350075,5.7985296
68.05279,20.45509
-47.501877,20.296118
16.37146,4.5768676
-8.378867,-0.6862085
64.62964,25.588642
51.12563,6.1870008
-13.917581,-29.486132
-44.026093,2.476165
-32.572136,-25.818695
64.07433,11.005657
31.85913,30.895077
-46.006626,3.1640854
46.77955,6.5673857
3.6725998,-3.1018057
62.41451,-10.565908
10.162515,-17.628511
25.709547,38.99402
8.354012,6.7713604
53.389587,-19.17913
38.27016,37.147987
13.498785,-3.441246
60.291348,21.027393
-55.09064,21.350718
-9.738353,-25.072468
-48.381233,-34.808212
-61.46424,-5.577152
-14.960788,-21.936615
8.502783,6.678563
49.078068,-16.102808
-56.342598,-16.977844
66.218155,-21.028927
-50.240097,26.425676
-13.515708,-5.041146
-55.54795,10.715737
-43.12542,7.379818
-67.44785,2.1815479
46.347446,32.111702
-9.869985,-6.3375945
27.747723,33.911137
-5.361247,-35.769432
38.539574,37.0221
4.0614405,8.194732
-53.229694,-35.39699
9.885013,15.07357
-22.490583,-29.203367
44.08084,3.8563766
-45.86603,3.20341
24.005754,39.7613
46.43686,35.023197
55.142933,-19.737864
-42.404514,-1.9939177
-28.938007,-21.1304
41.963654,34.39807
14.737767,2.1034498
-58.93904,-0.7992761
-53.53236,-20.698713
67.59223,-21.026709
-8.25217,-32.96309
10.204167,28.36589
31.273062,44.471703
-45.556202,-9.1185055
50.477455,33.846188
-40.740704,4.7635965
59.14521,27.569736
-11.401387,-4.8766656
-56.278538,-2.5979552
64.52898,-7.9120193
16.330202,33.117676
-48.17796,16.547516
54.42196,-33.980618
10.851837,-7.9753633
70.85589,8.532305
-57.809467,-13.571505
-47.904713,-12.9319935
-2.8564067,-32.16344
-68.988945,6.7278013
41.68067,-48.240704
52.494434,-16.528185
-7.9547215,-34.415203
-14.442015,-30.189901
-8.415701,-2.339568
44.230854,34.08916
47.697746,33.168144
59.86566,-28.639431
21.029024,28.138643
67.42664,6.2845855
8.020009,-13.952801
-0.14621307,-20.740072
-52.246563,13.25989
13.227977,-5.008557
-44.99119,23.764765
26.187801,40.230865
16.13895,4.0403366
61.12889,-29.504217
46.27692,-45.392056
11.230569,24.800318
-55.97479,1.1984711
28.863102,32.594032
-0.7868361,-34.356964
-51.969406,16.234894
40.633694,-48.94574
40.46169,34.625786
-57.680813,-21.881815
-50.00002,-9.602574
-51.66374,-5.89261
47.601826,-16.06713
-55.22457,-11.678344
69.62414,-5.3596606
-61.707085,13.901227
72.11583,7.1186843
39.238285,34.308956
-43.318684,27.552208
-60.531902,-0.87308115
60.95071,21.907112
42.963486,30.035866
8.303932,8.997285
3.6399136,-8.869816
43.650467,32.73101
4.892898,-14.581636
3.5061233,7.9637866
7.7060146,15.184014
61.52921,14.549696
-15.011151,-32.17924
44.226303,7.564686
-41.49007,-37.66289
46.67881,29.482197
24.44343,23.36389
67.94339,2.346005
-25.918621,-3.9144497
-49.466557,-34.1064
-0.75580806,-21.867632
-18.160784,-12.904765
68.80058,15.347893
-3.4021807,5.2169046
57.01808,-32.39497
-30.213165,-23.765137
9.07613,-3.3902962
41.756462,3.4457846
-56.584908,28.353195
69.09042,-3.305698
-49.090176,30.792236
-16.267591,-32.44027
-29.591925,-1.1573977
11.135788,-18.226057
5.264523,-1.3617135
51.270416,-27.693462
-14.580144,-12.62356
-47.118652,36.961456
44.319096,34.214405
39.15412,31.897926
68.04261,7.0664845
-26.767006,-0.79989743
-59.743065,-16.267729
-9.59793,-24.05374
-49.95248,8.69301
61.941055,-27.76339
-63.28963,11.630658
-64.146355,19.97425
9.817863,15.265743
-8.403053,-31.236996
-36.569473,-18.250305
51.729614,-33.90365
38.38424,29.441721
-3.9760048,-22.598722
-56.696373,23.041235
14.944512,20.111736
-61.036453,28.219646
-24.447193,-29.084934
44.23633,-45.139984
10.205579,7.77595
-43.63839,27.97228
64.118645,4.4599485
64.73144,-10.358961
-44.04227,15.649722
8.342533,19.90067
-45.80581,-21.558876
-45.072903,-29.80462
-53.007584,5.3964615
-43.284924,33.152252
1.7235572,-29.131077
-53.982616,-35.36804
17.569275,-3.429403
-57.174404,-25.215963
-43.541527,30.363949
47.09238,29.374247
63.202324,-23.577616
-34.18402,-45.337376
-50.116875,26.777754
-47.049084,-15.542592
39.281487,35.137497
45.227413,-44.82753
65.86298,18.785128
-10.065836,-25.149508
-54.23858,-0.8318699
61.90668,18.54776
-37.532158,-32.101765
63.0414,-16.97638
-55.386906,-37.10168
62.13143,-27.36303
57.767815,25.117537
-3.6024868,6.6244087
55.395496,23.42366
43.307323,-45.635372
-24.181168,-11.791055
53.153763,-24.1893
-58.085224,-4.563497
64.83772,12.814393
-56.517593,27.990519
11.41859,3.7327688
49.747063,26.645435
44.03688,-48.20935
7.1034255,-2.232885
52.464737,-21.673744
52.20056,-19.604166
44.23804,2.4935598
15.214842,27.934757
21.521683,33.48915
-10.407761,-27.246077
-18.054232,-8.58022
-64.75721,16.904549
51.19738,29.79457
20.136972,20.5173
3.3420897,-16.13175
14.581113,-6.298771
6.579013,-17.779161
-10.419766,-30.181763
63.816673,-21.458727
40.39429,16.7484
-41.111782,-43.404827
53.90379,-20.531599
30.144243,35.233635
-45.88791,-21.547401
-45.868736,-1.3007051
65.39943,3.3392358
33.600395,14.175297
-44.615417,-31.677877
50.87182,37.607235
50.560856,3.9757125
12.293942,-6.4614964
-54.677036,26.046034
16.702066,27.994595
-49.062336,34.299488
58.4283,27.226389
51.664497,-18.612583
18.151987,13.081592
54.678753,-25.834791
-56.71265,-23.87895
-22.442812,-19.706173
-10.147373,-23.405014
69.266945,-1.1833732
30.064878,29.907995
3.2580776,-28.251205
-62.755363,12.687161
69.3252,-10.947909
-33.96375,-18.570534
-48.455635,-10.651421
11.776949,-7.522847
-48.826984,-36.760746
59.528133,25.46111
58.957333,24.465235
-43.333824,25.04156
22.313124,25.488548
20.47627,24.810947
-52.94475,16.418419
63.081413,-28.533062
-53.164406,-13.480321
-34.09996,-20.921484
18.65077,14.405304
42.32637,35.65185
-48.799248,13.309003
44.102566,5.267529
-22.016623,-28.41183
4.6792874,-6.2337384
-14.481721,-27.724438
-1.5868653,-6.1370115
-53.55159,0.38353166
51.21406,23.587929
12.740013,21.663788
14.705652,-6.4357967
-43.837044,33.808395
42.605434,30.709854
16.581053,36.151012
-53.499,33.95143
27.2153,35.74027
-54.60697,-34.93416
-49.05183,17.69759
-51.945915,-26.315708
51.447212,-14.67652
-15.814043,-28.249369
9.268367,-5.115227
-56.01046,1.7500988
11.97727,-2.6650655
-44.47041,27.522976
-47.761658,-26.023785
-40.139038,-1.5660897
42.140682,37.666073
-52.65164,10.334451
-67.51612,11.081885
10.854996,8.533886
28.822657,35.40783
-50.820835,20.436039
-12.101996,-28.013748
-8.151689,-26.994726
63.330772,12.198414
-55.078785,-2.6166039
-24.754766,-25.295063
-45.071747,-17.040314
47.827843,32.09964
12.491289,11.413164
-49.402348,-6.983122
16.549309,15.902063
-34.544178,-40.404316
-57.523422,17.437973
54.098892,-14.578011
-52.806175,5.5693703
36.845036,27.93912
22.90125,34.096996
-51.605427,6.992414
-14.896137,-6.8003335
53.86685,31.213694
9.033929,8.138412
49.278553,-41.041374
71.24577,7.4494596
64.78984,21.771248
-60.966988,14.559556
50.05409,-13.103705
66.69216,-20.704393
-6.673498,-34.32409
-48.184902,40.14753
-38.66223,-17.588356
0.82944465,-32.472458
-52.525024,12.112649
66.66746,19.770168
47.585533,35.475742
9.14711,-10.805568
-54.142914,-5.2571588
-57.54339,-23.778038
49.92707,9.732972
9.319487,23.866777
47.84238,-43.06033
30.860826,40.3085
11.487822,18.043552
53.06708,36.874817
10.117308,28.31121
34.65665,32.493816
-44.893047,2.8488076
68.08888,-16.699001
62.2468,27.08746
63.052917,7.6005845
49.600483,-41.61136
-3.7045844,-30.158564
38.41107,11.697744
53.68234,32.23756
50.697296,-27.268887
-52.933193,-24.439112
-48.623795,-33.627884
45.103127,4.7523766
33.761314,40.012245
-56.967636,35.311653
-57.466217,33.26416
-61.37576,-19.349905
46.143967,5.015127
12.821981,5.247233
63.186977,-18.067703
8.757245,18.83099
42.373043,2.8669596
-56.174183,34.869633
39.450478,40.10929
-45.82725,-14.458433
43.12541,-46.84751
-28.738316,-0.99655426
26.809877,37.39936
66.00746,-5.951047
-45.549847,-13.989749
7.697494,19.199814
62.345955,31.209423
53.867504,35.42458
-22.967148,-31.38179
13.020425,0.44099993
-51.693714,0.5155833
53.372055,5.946208
-46.443768,-23.185322
-26.476248,-28.952002
55.23135,35.08643
53.66841,-28.818977
68.96295,11.879498
-54.502937,-15.535014
-49.37101,-12.139716
58.870388,-28.962801
-41.42135,-40.312737
69.90709,-9.121629
-50.66706,-35.76134
-58.40303,-10.873297
-41.784496,-45.391006
-48.07326,18.113327
5.9591274,28.184767
-47.00964,4.192448
-63.149586,3.0110993
10.577285,18.013624
70.31975,10.963403
-63.258514,31.616383
-52.996815,-21.537817
-38.074768,-16.787275
21.220081,18.505322
61.383972,26.125605
46.6991,35.068348
-7.1202593,-2.3781674
72.7972,5.7390957
48.552086,2.5260658
48.67512,-36.649563
37.883087,35.724792
5.221611,21.075233
44.223602,36.949955
7.20212,18.50842
-41.533382,-23.127882
6.8250656,24.14382
-45.0105,0.27436212
-9.754632,-13.190441
72.52731,4.947311
-61.78258,3.1796515
54.496212,-33.620125
-43.867058,-31.18934
-33.680058,-26.380709
5.288732,-15.336353
-65.94443,18.490904
48.980484,-24.183697
-48.983612,2.1274772
56.5988,29.507347
-42.665234,-34.92575
6.4187565,4.2244763
28.667646,29.442049
-14.3485565,-30.073214
-51.029205,9.52647
62.092674,-7.87189
-66.41236,19.60472
15.984131,-3.0648282
-15.585758,-34.44539
41.815918,-47.804188
65.18776,14.973567
51.14169,-34.221863
-61.13499,21.70524
-34.0912,-26.43392
-47.716354,-17.378237
-42.851494,-40.549213
-51.833767,25.44352
-14.2789345,-36.048157
36.833233,14.256508
16.438885,3.0234926
-42.950005,-44.306293
-62.24356,5.670109
46.894257,9.745975
9.18779,24.984928
-46.935192,15.194156
50.81194,-16.35249
55.82192,13.335248
71.233635,-9.084155
-60.005413,-8.729798
53.4422,36.671886
65.9735,26.013813
56.833668,29.941725
47.914043,-36.313015
-38.48734,-43.73842
17.340223,2.0470273
-53.64916,-15.73984
34.374912,30.505259
71.26341,5.5543733
-6.4698267,-28.706427
28.518425,38.217712
47.251278,-44.38897
-38.31347,-48.450386
68.512115,13.112243
-46.40598,-29.603178
-55.683044,30.04613
36.19373,38.9524
51.22116,-39.095695
-48.245674,25.414738
12.628863,24.751415
52.522434,30.299717
59.32032,-30.064266
51.33439,-34.11772
-45.391685,-12.204159
38.37906,11.4107065
43.892616,-47.248425
-27.932205,0.6921874
